BondId,Value,IntrestRate,CreationDate,Expiration,PayInterval,SellerId
1,100000,0.0394,2004-11-11,2005-11-11,1,29
2,100000,0.0625,1994-05-25,2001-05-23,12,34
3,10000,0.0236,1992-11-10,1992-11-13,8,17
4,100000,0.1354,1993-03-23,2000-03-21,12,58
5,1000000,0.0342,2013-07-27,2014-07-27,12,128
6,10000,0.0605,2008-09-30,2012-09-29,2,116
7,1000000,0.0693,2016-03-10,2021-03-09,4,106
8,100000,0.0538,2004-09-26,2010-09-25,12,76
9,10000,0.0291,2007-08-24,2008-08-23,12,89
10,10000,0.1094,2001-12-17,2009-12-15,12,82
11,1000,0.0548,1999-01-12,2002-01-11,1,112
12,100000,0.0331,2002-05-16,2002-08-05,12,124
13,10000,0.0605,2000-04-04,2004-04-03,12,93
14,1000,0.0233,2007-04-27,2007-10-26,1,90
15,100000,0.0354,2021-08-10,2021-10-30,8,60
16,1000,0.0129,2018-07-15,2018-07-18,4,57
17,1000,0.0497,2000-01-24,2001-01-23,4,28
18,1000,0.0103,2007-05-11,2007-05-20,8,110
19,100000,0.0316,2016-10-19,2020-10-18,4,108
20,1000,0.0316,2023-02-14,2027-02-13,1,110
21,1000000,0.0354,1996-04-26,1996-07-16,2,13
22,1000000,0.1231,2004-09-29,2010-09-28,12,2
23,10000,0.0103,2009-08-12,2009-08-21,8,30
24,10000,0.3833,2015-01-17,2024-01-15,8,93
25,100000,0.0082,1993-12-23,1993-12-24,4,88
26,100000,0.4333,2001-10-27,2010-10-25,12,101
27,1000000,0.0462,1998-04-01,2004-03-30,4,44
28,1000,0.0331,2013-01-14,2013-04-05,8,132
29,100000,0.1667,2004-05-04,2011-05-03,12,2
30,100000,0.0223,2001-06-02,2001-06-11,2,101
31,100000,0.0394,1998-10-28,1999-10-28,12,114
32,100000,0.3833,2007-01-09,2016-01-07,2,29
33,10000,0.0197,2000-12-21,2000-12-30,12,43
34,1000000,0.0178,2013-08-03,2013-08-04,8,15
35,10000,0.0447,2003-05-23,2007-05-22,8,26
36,10000,0.2031,2013-02-26,2021-02-24,2,20
37,100000,0.0625,2009-12-21,2016-12-19,8,49
38,1000,0.1667,2008-05-26,2015-05-25,1,122
39,1000,0.0175,2023-08-27,2023-08-30,8,114
40,10000,0.0107,1990-09-16,1990-09-19,2,76
41,1000000,0.1562,1993-09-19,2001-09-17,2,68
42,1000000,0.7188,2007-05-30,2017-05-27,2,18
43,100000,0.5312,2018-01-19,2028-01-17,2,90
44,100000,0.0816,1998-12-24,2002-12-23,1,17
45,10000,0.0548,2018-03-02,2021-03-01,1,75
46,1000,0.1328,2005-03-06,2013-03-04,4,84
47,1000000,0.0223,1993-09-23,1993-10-02,1,78
48,1000000,0.0356,2009-11-18,2010-05-19,8,53
49,100000,0.0197,1994-09-11,1994-09-20,2,114
50,10000,0.0316,2003-07-15,2007-07-14,2,37
51,10000,0.2833,1999-04-05,2008-04-02,8,27
52,1000,0.0783,2022-06-19,2027-06-18,12,69
53,10000,0.0934,1998-05-31,2003-05-30,2,125
54,1000,0.0205,1990-10-10,1991-10-10,8,80
55,1000,0.0212,2017-05-09,2017-05-10,4,125
56,10000,0.0388,2001-09-28,2003-09-28,8,27
57,1000,0.0405,2022-10-02,2025-10-01,1,27
58,10000,0.0225,2023-07-21,2023-08-17,8,91
59,100000,0.5333,2015-03-01,2024-02-27,8,85
60,100000,0.0708,2014-07-23,2016-07-22,8,17
61,10000,0.0333,2019-06-19,2022-06-18,12,19
62,1000000,0.0361,2000-03-09,2005-03-08,1,62
63,1000000,0.0116,2017-07-22,2017-07-23,1,90
64,10000,0.1192,2004-05-28,2010-05-27,2,103
65,1000000,0.0223,2020-05-26,2020-06-04,8,69
66,1000,0.0445,1997-06-13,1998-06-13,12,101
67,10000,0.0274,2021-08-13,2021-08-22,1,96
68,10000,0.3833,2005-11-09,2014-11-07,8,55
69,100000,0.2031,2020-03-22,2028-03-20,4,78
70,100000,0.0361,1992-04-30,1997-04-29,4,80
71,1000,0.7188,1990-01-24,2000-01-22,1,29
72,1000,0.0964,2015-03-27,2020-03-25,2,47
73,1000000,0.2031,2013-07-08,2021-07-06,4,20
74,100000,0.0313,2011-04-12,2011-05-09,1,122
75,10000,0.1115,2007-09-11,2013-09-09,8,123
76,100000,0.0842,1994-04-28,1998-04-27,4,96
77,100000,0.7188,1994-10-04,2004-10-01,2,114
78,10000,0.0397,2018-06-27,2018-12-26,8,124
79,1000000,0.0219,2009-01-28,2009-01-29,2,59
80,100000,0.0525,2002-01-22,2004-01-22,1,83
81,10000,0.2,2007-08-02,2016-07-30,8,34
82,10000,0.0548,2009-08-28,2010-08-28,1,99
83,100000,0.0103,2015-10-05,2015-10-14,2,51
84,10000,0.1,2022-11-01,2028-10-30,8,119
85,1000000,0.0842,1993-07-05,1997-07-04,2,92
86,1000000,0.012,2010-03-06,2010-03-15,8,41
87,1000000,0.0708,2019-10-13,2021-10-12,1,125
88,1000,0.0315,2019-03-05,2019-09-03,12,116
89,10000,0.0708,1996-09-01,1998-09-01,1,60
90,10000,0.0654,2014-03-07,2020-03-05,2,39
91,1000,0.2333,2019-06-18,2028-06-15,4,35
92,100000,0.1231,2001-05-30,2007-05-29,12,131
93,100000,0.0816,2017-10-21,2021-10-20,1,5
94,1000,0.069,2023-03-11,2026-03-10,2,132
95,10000,0.0316,2016-12-14,2020-12-13,1,44
96,1000,0.1231,2021-11-20,2027-11-19,1,47
97,1000,0.0783,2017-05-01,2022-04-30,4,119
98,1000000,0.0316,2019-09-05,2023-09-04,12,44
99,1000000,0.1797,2010-04-04,2018-04-02,8,95
100,100000,0.0885,2010-09-24,2016-09-22,8,43
101,10000,0.1042,2005-05-07,2012-05-05,2,12
102,1000000,0.0964,2005-12-24,2010-12-23,12,59
103,1000,0.0934,1992-03-26,1997-03-25,4,13
104,1000,0.0313,1999-11-12,1999-12-09,2,122
105,100000,0.0221,2013-05-22,2013-05-25,12,77
106,1000000,0.0225,2005-07-13,2005-08-09,8,10
107,100000,0.0964,2018-07-19,2023-07-18,1,9
108,1000000,0.0178,1990-08-02,1990-08-03,2,79
109,10000,0.0103,1994-10-16,1994-10-25,8,88
110,1000,0.0303,2005-12-25,2006-01-21,2,50
111,1000000,0.0197,2021-01-17,2021-01-26,4,23
112,10000,0.1115,1998-12-07,2004-12-05,1,14
113,1000,0.0244,2000-06-10,2000-06-13,8,96
114,10000,0.0684,2014-08-03,2018-08-02,8,120
115,1000000,0.0783,1997-05-26,2002-05-25,12,79
116,1000,0.8125,2022-01-17,2032-01-15,2,120
117,1000,0.0365,2002-07-20,2002-10-09,8,122
118,100000,0.0548,2009-10-17,2012-10-16,4,91
119,1000000,0.375,2005-11-20,2015-11-18,12,108
120,100000,0.0223,2023-08-08,2023-08-17,4,119
121,100000,0.1,2010-01-15,2016-01-14,2,52
122,1000000,0.0731,2020-08-31,2022-08-31,2,92
123,10000,0.0198,1991-11-08,1991-11-11,8,53
124,1000,0.1797,2007-03-22,2015-03-20,2,112
125,100000,0.0354,1996-02-22,1996-05-13,1,125
126,100000,0.0731,1998-05-04,2000-05-03,2,85
127,1000,0.0394,2004-01-04,2005-01-03,1,29
128,1000000,0.0662,1996-04-05,1998-04-05,1,1
129,1000,0.0394,2005-02-18,2006-02-18,8,55
130,10000,0.151,2015-07-19,2022-07-17,1,113
131,100000,0.0365,1995-04-25,1995-07-15,8,99
132,100000,0.1198,2004-08-09,2011-08-08,12,43
133,1000000,0.0462,1996-08-13,2002-08-12,8,34
134,10000,0.4333,1993-04-25,2002-04-23,2,120
135,1000000,0.0082,1990-08-18,1990-08-19,1,34
136,100000,0.2031,1991-08-19,1999-08-17,1,119
137,10000,0.0197,2004-01-07,2004-01-16,12,106
138,1000000,0.0619,2004-05-24,2007-05-24,12,52
139,1000000,0.0445,2006-12-30,2007-12-30,2,15
140,1000,0.0313,2020-06-03,2020-06-30,4,9
141,100000,0.0365,1998-09-26,1998-12-16,1,2
142,100000,0.1,2014-09-10,2020-09-08,2,119
143,100000,0.1,2008-01-27,2014-01-25,4,58
144,1000000,0.0619,2015-06-28,2018-06-27,1,52
145,1000000,0.2833,1992-09-27,2001-09-25,4,24
146,1000,0.0117,1994-02-16,1994-03-15,1,110
147,100000,0.1192,1992-05-19,1998-05-18,12,70
148,1000,0.0096,2018-07-07,2018-07-08,1,38
149,100000,0.1667,2001-01-08,2008-01-07,4,99
150,1000,0.0286,1991-03-28,1994-03-27,12,110
151,1000000,0.0137,2016-10-13,2016-10-14,12,68
152,10000,0.0166,2019-03-22,2019-04-18,2,121
153,10000,0.0263,1994-02-04,1994-04-26,12,106
154,10000,0.0175,2007-01-04,2007-01-07,8,18
155,1000000,0.1198,2016-04-04,2023-04-03,2,33
156,10000,0.0462,2020-01-30,2026-01-28,1,11
157,1000,0.0171,2009-08-14,2009-08-23,2,130
158,1000000,0.1198,2020-04-16,2027-04-15,4,91
159,10000,0.0291,1990-05-29,1991-05-29,12,24
160,100000,0.0116,1995-09-02,1995-09-03,4,89
161,1000,0.0091,2009-10-11,2009-10-14,1,37
162,1000000,0.0361,2012-07-03,2017-07-02,1,30
163,10000,0.1667,2022-02-02,2029-01-31,12,96
164,1000000,0.1,2003-09-30,2009-09-28,2,101
165,100000,0.0297,2013-08-24,2013-11-13,4,20
166,10000,0.0116,2001-04-08,2001-04-09,1,57
167,1000000,0.151,1998-03-16,2005-03-14,4,28
168,10000,0.0199,2003-07-27,2003-07-28,8,123
169,10000,0.5333,2010-10-22,2019-10-20,12,16
170,10000,0.1192,1992-06-08,1998-06-07,8,13
171,10000,0.0625,1992-09-25,1999-09-24,12,54
172,10000,0.0605,1993-08-18,1997-08-17,4,72
173,1000000,0.0708,2008-10-01,2010-10-01,8,70
174,10000,0.0602,2015-05-19,2020-05-17,4,115
175,100000,0.1231,2020-05-29,2026-05-28,8,65
176,100000,0.3833,2019-08-03,2028-07-31,2,63
177,1000000,0.8125,2001-12-02,2011-11-30,4,120
178,100000,0.0445,2020-12-16,2021-12-16,1,100
179,10000,0.1615,2006-09-01,2013-08-30,2,5
180,1000,0.0356,2015-06-20,2015-12-19,2,100
181,1000000,0.0091,1994-06-21,1994-06-24,4,105
182,10000,0.0254,2016-05-19,2016-06-15,4,64
183,1000000,0.0457,2016-11-25,2018-11-25,8,66
184,100000,0.1354,1997-01-03,2004-01-02,1,15
185,100000,0.0194,2000-06-22,2000-09-11,4,39
186,10000,0.0196,2010-06-01,2010-06-28,2,127
187,10000,0.3833,1994-11-10,2003-11-08,4,112
188,100000,0.1797,2008-10-08,2016-10-06,2,43
189,10000,0.0315,2023-02-16,2023-08-17,8,133
190,1000000,0.0708,2017-05-12,2019-05-12,2,70
191,1000,0.0531,1993-12-22,1994-12-22,8,25
192,1000,0.0219,2014-08-10,2014-08-11,12,122
193,1000,0.0445,1993-02-02,1994-02-02,2,58
194,1000,0.375,2008-06-20,2018-06-18,8,62
195,10000,0.1354,2007-05-02,2014-04-30,2,20
196,1000000,0.0199,2002-02-06,2002-02-07,8,124
197,100000,0.0422,2007-01-03,2012-01-02,4,98
198,100000,0.2422,2005-01-30,2013-01-28,12,129
199,1000000,0.0361,2013-05-21,2018-05-20,12,107
200,1000000,0.2833,2018-12-13,2027-12-11,2,26
201,100000,0.0274,2022-08-23,2024-08-22,4,88
202,100000,0.1,2016-01-24,2022-01-22,4,64
203,100000,0.0602,2003-01-29,2008-01-28,8,40
204,100000,0.0303,2006-04-26,2006-05-23,4,17
205,1000,0.7188,2014-03-15,2024-03-12,2,23
206,1000,0.0274,2022-12-16,2024-12-15,4,51
207,1000000,0.625,2014-01-23,2024-01-21,1,115
208,1000000,0.9062,2006-04-27,2016-04-24,12,28
209,1000,0.0225,2023-07-18,2023-08-14,2,33
210,1000000,0.1,2007-12-25,2013-12-23,2,20
211,100000,0.0194,2004-04-27,2004-07-17,1,121
212,10000,0.032,2010-06-05,2012-06-04,2,7
213,1000000,0.25,2006-11-28,2014-11-26,4,9
214,1000,0.0388,2017-06-20,2019-06-20,4,89
215,1000000,0.2,2000-12-16,2009-12-14,1,22
216,10000,0.1615,2003-10-18,2010-10-16,1,134
217,100000,0.0619,2014-06-25,2017-06-24,12,101
218,100000,0.0769,2021-06-26,2027-06-25,8,40
219,1000000,0.0315,2003-03-07,2003-09-05,2,106
220,100000,0.0873,2022-04-19,2027-04-18,12,109
221,1000000,0.0394,1995-09-30,1996-09-29,12,63
222,1000,0.0438,2008-05-30,2008-11-28,1,47
223,10000,0.0274,2008-04-20,2010-04-20,4,86
224,10000,0.0198,2010-07-20,2010-07-23,12,79
225,100000,0.625,1997-12-11,2007-12-09,4,115
226,1000000,0.0197,2004-12-18,2004-12-27,2,111
227,1000000,0.0082,1997-08-14,1997-08-15,8,108
228,1000000,0.0512,2003-10-28,2008-10-26,1,45
229,100000,0.0365,1991-02-03,1991-04-25,2,56
230,10000,0.3833,2021-06-23,2030-06-21,1,95
231,100000,0.0619,2009-06-15,2012-06-14,8,6
232,10000,0.0198,2014-04-11,2014-04-14,2,52
233,1000,0.8125,2016-06-11,2026-06-09,2,100
234,100000,0.0233,2007-08-25,2008-02-23,2,45
235,1000000,0.7188,2015-04-07,2025-04-04,8,72
236,10000,0.0394,2001-02-08,2002-02-08,2,83
237,100000,0.0197,1991-09-18,1991-09-27,12,116
238,1000000,0.0199,2018-07-14,2018-07-15,12,124
239,100000,0.375,2010-07-05,2020-07-02,12,22
240,1000000,0.0548,2012-11-22,2015-11-22,8,48
241,1000,0.0158,2018-08-10,2018-08-11,8,111
242,1000000,0.0525,2000-12-12,2002-12-12,4,106
243,1000000,0.0313,2011-03-09,2011-04-05,2,16
244,10000,0.0729,1996-04-04,2003-04-03,12,35
245,100000,0.7188,2019-12-18,2029-12-15,12,67
246,100000,0.0244,2005-09-19,2005-09-22,12,2
247,100000,0.0365,2014-09-01,2014-11-21,1,99
248,10000,0.1,2013-01-08,2019-01-07,8,3
249,1000,0.0152,2006-02-23,2006-02-26,8,104
250,100000,0.0158,1994-05-02,1994-05-03,2,114
251,100000,0.0316,2009-07-07,2013-07-06,2,97
252,100000,0.0103,1997-05-17,1997-05-26,12,88
253,10000,0.1,2001-01-15,2007-01-14,4,6
254,10000,0.375,1995-03-07,2005-03-04,2,88
255,10000,0.0198,2020-09-03,2020-09-06,8,52
256,100000,0.0342,1999-12-15,2000-12-14,8,102
257,1000,0.9688,1996-08-13,2006-08-11,2,17
258,100000,0.0091,2004-06-29,2004-07-02,1,86
259,10000,0.0198,1990-03-26,1990-03-29,4,58
260,1000,0.0457,1997-03-28,1999-03-28,8,74
261,1000,0.7188,2016-04-26,2026-04-24,12,106
262,1000000,0.0625,2006-11-15,2013-11-13,2,62
263,1000,0.0405,1992-09-25,1995-09-25,4,81
264,100000,0.0964,1994-04-15,1999-04-14,2,92
265,1000000,0.375,2006-05-30,2016-05-27,2,54
266,1000,0.151,2000-04-06,2007-04-05,2,132
267,10000,0.0602,1994-06-12,1999-06-11,12,40
268,10000,0.0166,2007-09-15,2007-10-12,12,39
269,100000,0.1042,2013-05-01,2020-04-29,8,115
270,10000,0.1667,2022-10-16,2029-10-14,12,92
271,100000,0.0548,1994-02-18,1997-02-17,4,63
272,1000000,0.1231,1997-09-07,2003-09-06,8,47
273,10000,0.0284,1998-02-04,1998-03-03,4,124
274,1000000,0.9688,2016-04-16,2026-04-14,4,129
275,1000000,0.0356,1996-09-06,1997-03-07,2,119
276,100000,0.0313,2001-11-13,2001-12-10,1,59
277,100000,0.0548,2016-05-23,2017-05-23,2,92
278,100000,0.0158,2012-07-22,2012-07-23,12,48
279,100000,0.3833,2014-05-02,2023-04-30,1,72
280,10000,0.0316,2005-08-23,2009-08-22,1,30
281,10000,0.0219,1996-03-16,1996-03-17,12,47
282,1000000,0.0221,2006-03-08,2006-03-11,8,1
283,100000,0.0368,1997-09-14,2001-09-13,8,76
284,1000000,1.0,1999-08-10,2009-08-07,2,131
285,1000000,0.1354,2011-04-20,2018-04-18,2,3
286,100000,0.2,2022-05-09,2031-05-07,2,86
287,100000,0.0816,2000-07-15,2004-07-14,4,125
288,100000,0.1328,2000-02-29,2008-02-27,8,57
289,1000000,0.1667,2013-10-26,2020-10-24,8,92
290,1000000,0.0103,1994-08-17,1994-08-26,2,49
291,10000,0.1042,2001-04-11,2008-04-09,8,71
292,10000,0.0198,2009-08-08,2009-08-11,8,52
293,100000,0.0938,1993-06-09,2001-06-07,8,107
294,1000000,0.0605,1996-08-03,2000-08-02,1,75
295,100000,0.0842,2003-09-18,2007-09-17,8,122
296,10000,0.0594,2001-09-11,2003-09-11,8,101
297,10000,0.2,2001-06-01,2010-05-30,2,107
298,1000000,0.0531,1995-12-29,1996-12-28,1,125
299,1000,0.032,2005-05-28,2007-05-28,8,61
300,10000,0.0313,2021-01-16,2021-02-12,4,85
301,10000,0.0605,2001-01-21,2005-01-20,12,75
302,100000,0.012,2010-11-16,2010-11-25,12,35
303,100000,0.0146,2004-11-21,2004-11-30,12,27
304,100000,0.0082,1991-07-30,1991-07-31,12,107
305,1000000,0.1094,2010-11-13,2018-11-11,8,8
306,100000,0.0885,2013-09-22,2019-09-21,4,133
307,1000000,0.0197,1999-11-27,1999-12-06,1,10
308,1000000,0.0605,2016-05-05,2020-05-04,2,116
309,10000,0.0769,2013-09-07,2019-09-06,8,130
310,10000,0.0548,2009-04-25,2010-04-25,1,59
311,10000,0.0938,2023-05-14,2031-05-12,12,110
312,1000000,0.0693,2010-06-19,2015-06-18,2,55
313,100000,0.0885,1998-04-25,2004-04-23,12,23
314,1000,0.1667,2002-04-28,2009-04-26,1,85
315,1000,0.0171,1998-11-29,1998-12-08,4,104
316,1000,0.0233,2015-09-30,2016-03-30,2,27
317,1000000,0.0171,1997-03-23,1997-04-01,12,12
318,1000000,0.012,2016-12-21,2016-12-30,4,35
319,10000,0.0194,2017-05-03,2017-07-23,4,39
320,100000,0.0117,1994-01-05,1994-02-01,12,107
321,1000000,0.8125,2012-08-20,2022-08-18,12,52
322,1000,0.0192,2018-01-29,2018-07-30,4,98
323,100000,0.0693,1996-08-23,2001-08-22,2,63
324,100000,0.1198,1992-04-03,1999-04-02,1,114
325,100000,0.0103,2006-08-23,2006-09-01,2,88
326,100000,0.0619,2012-02-10,2015-02-09,8,119
327,100000,0.0708,2000-01-27,2002-01-26,4,25
328,1000,0.0164,1993-02-09,1993-08-10,2,44
329,100000,0.0228,2004-04-08,2004-06-28,1,102
330,100000,0.0538,2008-07-03,2014-07-02,1,8
331,10000,0.0248,2001-12-27,2002-01-05,4,123
332,1000,0.0254,2018-02-26,2018-03-25,4,120
333,100000,0.0286,1990-07-14,1993-07-13,12,88
334,1000000,0.0274,2014-01-18,2014-01-27,12,131
335,10000,0.0602,1990-05-15,1995-05-14,8,73
336,10000,0.0236,1997-02-24,1997-02-27,2,125
337,1000000,0.0315,2020-07-07,2021-01-05,8,18
338,10000,0.2031,1996-09-13,2004-09-11,12,20
339,10000,0.0842,1997-12-28,2001-12-27,8,59
340,10000,0.2,1998-12-01,2007-11-29,1,97
341,10000,0.1198,2009-10-23,2016-10-21,8,55
342,1000000,0.0438,1999-02-15,1999-08-16,8,2
343,10000,0.0129,2007-05-05,2007-05-08,4,39
344,1000000,0.0873,2020-06-17,2025-06-16,8,109
345,1000000,0.0158,2014-06-01,2014-06-02,4,48
346,10000,0.0212,2015-07-13,2015-07-14,1,126
347,100000,0.0197,1996-09-15,1996-09-24,4,75
348,100000,0.0303,2015-09-09,2015-10-06,1,25
349,1000000,0.0365,2008-09-30,2008-12-20,8,47
350,10000,0.0164,2006-08-11,2007-02-09,1,62
351,1000000,0.0548,2003-02-05,2004-02-05,1,31
352,100000,0.0447,2002-07-11,2006-07-10,8,39
353,10000,0.1094,2005-08-24,2013-08-22,1,82
354,100000,0.0103,2016-11-07,2016-11-16,12,86
355,100000,0.0525,2006-06-26,2008-06-25,12,23
356,100000,0.375,2011-05-24,2021-05-21,8,110
357,1000000,0.4375,2003-11-27,2013-11-24,2,38
358,10000,0.5333,2002-03-26,2011-03-24,2,96
359,100000,0.7188,1994-02-24,2004-02-22,1,83
360,10000,0.2,2020-04-26,2029-04-24,4,107
361,1000000,0.0605,1995-04-02,1999-04-01,12,48
362,100000,0.0082,2000-08-12,2000-08-13,2,105
363,10000,0.0164,1995-02-16,1995-08-17,12,105
364,100000,0.0397,2006-12-18,2007-06-18,8,123
365,1000,0.4333,1997-09-15,2006-09-13,4,101
366,10000,0.0731,2015-12-21,2017-12-20,2,2
367,1000,0.0525,1992-01-26,1994-01-25,2,29
368,1000000,0.0548,2000-09-15,2001-09-15,2,85
369,1000,0.0152,2002-09-02,2002-09-05,1,104
370,1000000,0.1,2014-01-12,2020-01-11,8,53
371,10000,0.0873,2013-09-29,2018-09-28,8,109
372,10000,0.0221,2013-05-26,2013-05-29,8,77
373,1000,0.0096,2003-02-15,2003-02-16,1,76
374,1000,0.0274,2007-04-13,2007-04-22,12,122
375,1000000,0.0462,2004-06-16,2010-06-15,4,51
376,10000,0.0873,1996-03-18,2001-03-17,4,1
377,100000,0.1562,2010-05-17,2018-05-15,2,127
378,1000,0.0354,1997-02-10,1997-05-02,12,134
379,10000,0.1354,2000-11-05,2007-11-04,8,32
380,1000000,0.0103,1994-06-22,1994-07-01,12,86
381,1000000,0.0223,2016-05-17,2016-05-26,2,69
382,100000,0.032,1990-11-11,1992-11-10,4,8
383,1000,0.0316,2012-04-11,2016-04-10,12,62
384,10000,0.0602,2002-06-17,2007-06-16,8,104
385,10000,0.0137,2018-09-10,2018-11-30,1,11
386,1000,0.0397,2007-01-10,2007-07-11,4,109
387,100000,0.0137,2001-05-19,2001-08-08,1,110
388,100000,0.0205,1992-04-26,1993-04-26,2,51
389,1000000,0.0197,1990-04-23,1990-05-02,1,91
390,1000,0.5167,2018-03-28,2027-03-26,8,125
391,10000,0.7188,2010-12-07,2020-12-04,8,63
392,1000,0.0731,2020-06-08,2022-06-08,4,31
393,1000,0.0196,2019-02-04,2019-03-03,1,74
394,1000000,0.0763,1995-02-20,1999-02-19,2,109
395,1000000,0.0394,2022-08-19,2023-08-19,1,114
396,1000,0.0457,2015-05-04,2017-05-03,1,71
397,1000,0.0316,2021-04-11,2025-04-10,8,87
398,100000,0.0129,2011-07-01,2011-07-04,12,89
399,1000000,0.0096,2006-05-22,2006-05-23,4,76
400,10000,0.1667,2014-06-18,2021-06-16,1,9
401,10000,0.0938,2019-08-14,2027-08-12,2,86
402,1000,0.1667,1999-08-21,2006-08-19,1,96
403,100000,0.0816,1999-09-27,2003-09-26,12,134
404,1000000,0.4833,1995-04-21,2004-04-18,2,124
405,100000,0.0236,2002-07-27,2002-07-30,2,126
406,100000,0.0548,1998-10-08,2001-10-07,12,55
407,1000000,0.4833,2002-08-09,2011-08-07,4,123
408,1000,0.0137,1994-01-27,1994-04-18,8,88
409,100000,0.0286,2019-08-03,2022-08-02,4,49
410,1000000,0.0462,2010-04-07,2016-04-05,4,34
411,100000,0.0457,2013-02-05,2015-02-05,4,71
412,10000,0.0146,2011-03-09,2011-03-18,1,89
413,1000000,0.0274,2000-11-22,2000-12-01,12,4
414,100000,0.1,2020-11-13,2026-11-12,1,58
415,1000,0.0223,2008-03-09,2008-03-18,8,20
416,100000,0.0175,1997-01-23,1997-01-26,4,133
417,1000,0.0684,1995-08-01,1999-07-31,1,64
418,100000,0.0316,2013-02-11,2017-02-10,2,49
419,10000,0.0082,2002-10-04,2002-10-05,8,86
420,1000000,0.0103,1998-01-01,1998-01-10,2,49
421,100000,0.0137,2009-09-03,2009-11-23,8,105
422,1000000,0.5312,2010-12-27,2020-12-24,12,26
423,100000,0.0117,1999-07-17,1999-08-13,1,80
424,10000,0.0368,1991-10-23,1995-10-22,1,35
425,1000,0.0315,1991-11-21,1992-05-21,4,95
426,10000,0.0594,2007-11-25,2009-11-24,12,69
427,100000,0.0225,2020-01-28,2020-02-24,12,114
428,1000,0.0197,1990-04-07,1990-04-16,8,112
429,1000000,0.1094,2010-08-12,2018-08-10,4,98
430,100000,0.0223,2016-01-15,2016-01-24,8,101
431,1000,0.151,1990-02-23,1997-02-21,1,14
432,100000,0.4375,1997-09-10,2007-09-08,12,19
433,100000,0.0303,2007-06-22,2007-07-19,8,103
434,1000,0.1615,2006-04-05,2013-04-03,1,125
435,100000,0.0244,2012-07-04,2012-07-07,2,131
436,1000000,0.0096,2003-04-07,2003-04-08,4,38
437,100000,0.4375,2021-06-08,2031-06-06,4,76
438,1000,0.5333,1991-01-26,2000-01-24,8,47
439,10000,0.0196,2015-09-06,2015-10-03,1,73
440,1000,0.0531,1991-01-09,1992-01-09,12,125
441,100000,0.1354,2022-08-04,2029-08-02,12,3
442,1000000,0.0394,2000-07-08,2001-07-08,1,55
443,1000000,0.0361,2013-06-14,2018-06-13,1,34
444,100000,0.0693,1998-11-06,2003-11-05,4,29
445,1000,0.0405,2008-10-15,2011-10-15,12,39
446,1000000,0.0265,2012-06-09,2012-06-18,12,13
447,10000,0.1,2014-04-14,2020-04-12,12,79
448,100000,0.0354,2010-11-28,2011-02-17,12,134
449,1000,0.0219,1990-02-14,1990-02-15,8,4
450,1000000,0.0175,2008-05-22,2008-05-25,4,33
451,1000000,0.0548,2011-01-08,2014-01-07,8,91
452,1000,0.0178,1996-09-18,1996-09-19,12,101
453,100000,0.3833,2009-11-26,2018-11-24,12,112
454,100000,0.0166,1994-09-24,1994-10-21,4,45
455,100000,0.1615,1991-03-16,1998-03-14,8,50
456,10000,0.8125,2022-07-05,2032-07-02,8,3
457,1000,0.0438,2018-07-30,2019-01-28,2,56
458,1000000,0.0525,2006-11-05,2008-11-04,2,63
459,100000,0.0286,1998-02-20,2001-02-19,1,11
460,1000000,0.0763,2008-10-31,2012-10-30,4,14
461,1000000,0.0175,1993-04-10,1993-04-13,1,33
462,100000,0.5167,2009-10-18,2018-10-16,12,60
463,10000,1.0,2007-10-13,2017-10-10,2,21
464,1000,0.7188,2000-03-15,2010-03-13,8,114
465,10000,0.0137,1994-08-04,1994-10-24,1,34
466,1000000,0.2833,2010-05-17,2019-05-15,4,27
467,10000,0.016,1993-08-22,1993-11-11,2,61
468,100000,0.2333,2006-12-06,2015-12-04,12,38
469,100000,0.1615,2015-09-25,2022-09-23,12,134
470,1000000,0.0212,2010-02-21,2010-02-22,1,13
471,1000000,0.1192,2004-05-28,2010-05-27,8,13
472,10000,0.0445,2017-07-09,2018-07-09,1,69
473,1000,0.1354,2003-06-08,2010-06-06,8,94
474,100000,0.0447,1990-11-27,1994-11-26,12,121
475,100000,0.0462,1990-05-31,1996-05-29,8,108
476,1000,0.0315,1998-06-20,1998-12-19,2,29
477,10000,0.1667,2008-07-31,2015-07-30,8,56
478,1000000,0.1328,2012-06-21,2020-06-19,2,24
479,1000000,0.0225,2022-02-07,2022-03-06,4,91
480,1000000,0.375,2004-03-03,2014-03-01,1,37
481,1000000,0.0842,2014-01-26,2018-01-25,12,59
482,1000,0.2266,2006-10-21,2014-10-19,2,109
483,1000,0.1094,2014-06-02,2022-05-31,8,41
484,1000000,0.0934,1993-01-18,1998-01-17,4,17
485,1000,0.0361,2003-12-09,2008-12-07,1,110
486,100000,0.2422,1992-09-05,2000-09-03,4,70
487,1000000,0.0284,1994-05-23,1994-06-19,1,77
488,10000,0.0388,1998-05-10,2000-05-09,2,26
489,100000,0.0816,2019-01-18,2023-01-17,8,103
490,10000,0.1192,2020-03-02,2026-03-01,8,129
491,1000,0.0212,1999-01-12,1999-01-13,12,17
492,1000,0.0531,2019-06-07,2020-06-06,4,134
493,1000,0.5333,2017-03-26,2026-03-24,8,131
494,1000,0.0816,2022-12-18,2026-12-17,1,17
495,1000000,0.0274,1991-07-24,1991-08-02,1,85
496,1000000,0.0625,2006-09-21,2013-09-19,8,44
497,100000,0.2031,2021-06-05,2029-06-03,12,20
498,100000,0.1354,2002-09-10,2009-09-08,8,78
499,1000,0.0137,2008-08-27,2008-08-28,4,12
500,1000,0.1231,2008-06-05,2014-06-04,8,131
501,100000,0.375,2014-05-17,2024-05-14,2,34
502,10000,0.0342,2007-08-27,2008-08-26,2,68
503,100000,0.5312,2018-11-08,2028-11-05,1,57
504,1000,0.0223,2013-07-12,2013-07-21,1,79
505,1000000,0.1198,1995-07-22,2002-07-20,1,29
506,1000,0.0175,2006-11-09,2006-11-12,4,116
507,10000,0.0619,1990-07-29,1993-07-28,2,58
508,100000,0.0225,2011-07-11,2011-08-07,4,75
509,1000000,0.0445,2006-12-21,2007-12-21,1,69
510,10000,0.0333,1996-11-06,1999-11-06,4,38
511,1000,0.0192,1990-06-07,1990-12-06,8,41
512,1000000,0.0548,2005-02-16,2008-02-16,1,29
513,100000,0.1198,2002-12-03,2009-12-01,1,55
514,1000000,0.0731,2006-12-23,2008-12-22,4,2
515,1000000,0.0365,2008-06-08,2008-08-28,4,47
516,1000000,0.0274,2022-10-19,2023-04-19,4,115
517,1000000,0.0457,2020-02-19,2022-02-18,8,40
518,1000000,0.0476,1999-04-22,2002-04-21,4,71
519,1000,0.1328,2016-01-11,2024-01-09,1,89
520,10000,0.0816,1990-01-14,1994-01-13,12,5
521,10000,0.0594,2009-11-15,2011-11-15,4,6
522,1000000,0.1562,2008-06-01,2016-05-30,4,127
523,1000000,0.0476,2014-08-15,2017-08-14,8,73
524,1000000,0.0731,2022-12-08,2024-12-07,4,16
525,1000000,0.2031,2003-09-17,2011-09-15,12,119
526,100000,0.0619,1998-06-08,2001-06-07,12,101
527,1000,0.1797,1996-01-05,2004-01-03,12,72
528,100000,0.9688,2015-08-03,2025-07-31,8,5
529,1000,0.012,2019-07-11,2019-07-20,12,61
530,10000,0.0356,1996-12-16,1997-06-16,12,94
531,1000000,0.0219,1998-12-10,1998-12-11,4,4
532,1000000,0.1667,2004-05-07,2011-05-06,2,96
533,10000,0.0096,2022-08-03,2022-08-04,1,19
534,10000,0.0117,2023-01-11,2023-02-07,1,117
535,1000000,0.0146,1993-05-02,1993-05-11,4,27
536,1000000,0.0152,1997-04-14,1997-04-17,1,74
537,1000000,0.0394,1994-06-26,1995-06-26,12,23
538,1000,0.0354,2012-10-10,2012-12-30,1,50
539,100000,0.1354,1995-08-22,2002-08-20,12,100
540,100000,0.1562,2004-02-13,2012-02-11,2,66
541,10000,0.1198,2004-05-13,2011-05-12,12,48
542,1000,0.0303,1992-03-19,1992-04-15,12,134
543,1000000,0.0116,2015-11-02,2015-11-03,12,121
544,1000,0.0254,2015-12-25,2016-01-21,12,94
545,1000,0.0693,1995-03-05,2000-03-03,8,67
546,1000000,0.0525,2003-08-28,2005-08-27,12,10
547,1000000,0.0082,2019-06-25,2019-06-26,8,86
548,1000,0.0244,1991-01-21,1991-01-24,2,99
549,100000,0.0738,1996-12-08,1999-12-08,8,25
550,1000000,0.1192,2019-02-13,2025-02-11,4,50
551,10000,0.0248,1990-08-12,1990-08-21,8,124
552,100000,0.0171,2002-10-01,2002-10-10,8,68
553,100000,0.0548,2001-07-30,2002-07-30,4,59
554,100000,0.0103,1990-09-09,1990-09-18,4,22
555,1000000,0.0708,2004-10-30,2006-10-30,4,134
556,100000,0.1615,2009-07-28,2016-07-26,8,5
557,10000,0.0303,2006-06-20,2006-07-17,12,13
558,1000000,0.0137,2023-01-29,2023-01-30,8,12
559,100000,0.0885,2018-11-08,2025-11-06,8,90
560,1000,0.0625,1994-03-20,2001-03-18,12,105
561,1000000,0.1,2009-01-21,2015-01-20,12,79
562,10000,0.024,1993-07-14,1994-07-14,2,41
563,1000000,0.0225,2008-03-05,2008-04-01,4,23
564,10000,0.0842,2017-12-11,2021-12-10,2,65
565,1000,0.0731,1997-12-17,1999-12-17,4,4
566,1000000,0.0263,1994-07-13,1994-10-02,8,29
567,100000,0.5333,2004-04-02,2013-03-31,8,92
568,100000,0.1562,1996-09-16,2004-09-14,12,40
569,10000,0.0445,1990-04-11,1991-04-11,2,101
570,1000000,0.0103,2010-12-27,2011-01-05,8,107
571,1000000,0.0274,2016-02-17,2016-08-17,1,130
572,100000,0.0178,2011-08-17,2011-08-18,4,119
573,100000,0.0158,2018-03-31,2018-04-01,2,75
574,10000,0.625,2013-06-09,2023-06-07,8,130
575,1000000,0.0422,2011-02-28,2016-02-27,2,8
576,100000,0.024,2019-09-24,2020-09-23,8,76
577,10000,0.0137,1992-11-18,1992-11-19,4,127
578,100000,0.0548,2016-02-13,2019-02-12,1,63
579,1000,0.0447,2006-09-15,2010-09-14,2,84
580,100000,0.625,1999-06-11,2009-06-08,1,68
581,1000,0.1,1994-06-22,2000-06-20,8,6
582,1000,0.1615,1996-04-24,2003-04-23,2,13
583,1000000,0.1,2002-04-08,2008-04-06,8,79
584,1000,0.1797,1997-01-18,2005-01-16,1,93
585,100000,0.3833,1990-05-18,1999-05-16,4,114
586,100000,0.1562,2022-06-21,2030-06-19,2,68
587,10000,0.0291,1992-09-11,1993-09-11,12,90
588,1000000,0.0331,2003-11-22,2004-02-11,1,124
589,1000,0.0394,1991-09-13,1992-09-12,8,133
590,10000,0.0082,2023-07-16,2023-07-17,4,80
591,1000000,0.0654,2020-09-11,2026-09-10,2,121
592,10000,0.0152,1991-02-23,1991-02-26,12,71
593,10000,0.0394,2018-08-25,2019-08-25,8,10
594,10000,0.0356,1991-10-03,1992-04-02,8,79
595,100000,0.3833,2005-03-28,2014-03-26,4,48
596,1000000,0.0619,2022-05-21,2025-05-20,12,58
597,1000000,0.0525,2001-07-06,2003-07-06,1,118
598,1000,0.7188,2004-12-20,2014-12-18,8,55
599,1000,0.1354,2011-04-02,2018-03-31,8,79
600,10000,0.0228,2023-01-17,2023-04-08,2,71
601,100000,0.0602,2003-08-10,2008-08-08,1,71
602,100000,0.5167,2010-06-26,2019-06-24,8,60
603,1000,0.0361,2002-04-14,2007-04-13,1,117
604,100000,0.0129,1996-10-09,1996-10-12,2,121
605,100000,0.0137,2004-08-09,2004-10-29,4,105
606,1000,0.0194,2005-09-16,2005-12-06,12,45
607,10000,0.1354,2016-01-18,2023-01-16,12,53
608,1000,0.5167,2006-12-29,2015-12-27,1,50
609,100000,0.0164,2010-02-16,2010-08-17,12,54
610,1000000,0.1328,2000-05-06,2008-05-04,1,39
611,1000000,0.0146,2007-07-26,2007-08-04,4,81
612,1000000,0.4375,1991-08-21,2001-08-18,4,61
613,1000,0.1667,2016-07-31,2023-07-30,12,99
614,1000,0.0476,2015-09-20,2018-09-19,2,128
615,1000000,0.0938,2021-02-19,2029-02-17,1,34
616,1000000,1.0,2015-08-23,2025-08-20,8,4
617,1000000,0.0137,2000-12-13,2001-03-04,4,87
618,10000,0.375,2018-05-28,2028-05-25,1,80
619,10000,0.0525,2021-01-15,2023-01-15,1,133
620,10000,0.1,2015-06-27,2021-06-25,8,52
621,100000,0.0684,2004-06-23,2008-06-22,2,3
622,1000,0.1354,2014-09-18,2021-09-16,12,79
623,10000,0.0221,1994-11-18,1994-11-21,2,1
624,10000,0.0783,1992-05-06,1997-05-05,8,94
625,10000,0.0816,2017-05-11,2021-05-10,8,103
626,100000,0.0137,2022-08-23,2022-11-12,1,86
627,10000,0.1198,1992-03-06,1999-03-05,12,43
628,1000,0.0462,1995-08-06,2001-08-04,8,49
629,100000,0.5333,1992-06-05,2001-06-03,2,92
630,1000000,0.0365,2006-03-06,2006-05-26,2,31
631,1000,0.0082,2005-05-25,2005-05-26,12,117
632,1000,0.0356,2007-07-25,2008-01-23,4,32
633,1000,0.0274,2019-05-09,2019-05-18,8,31
634,1000,0.0693,1997-11-26,2002-11-25,12,83
635,10000,0.0548,2011-12-31,2014-12-30,2,23
636,1000,0.0164,1998-09-03,1999-03-04,8,87
637,1000,0.0274,2007-11-23,2008-05-23,1,74
638,100000,0.1797,1995-11-30,2003-11-28,12,33
639,1000,0.0091,2013-03-23,2013-03-26,12,87
640,10000,0.1231,2023-02-16,2029-02-14,1,2
641,1000,0.0684,2000-07-06,2004-07-05,1,94
642,1000,0.0763,2006-07-28,2010-07-27,12,14
643,1000000,0.0274,2005-10-08,2006-04-08,2,102
644,1000,0.2,2002-06-04,2011-06-02,1,110
645,1000000,0.0263,2012-10-29,2013-01-18,12,18
646,100000,0.0394,1991-01-17,1992-01-17,8,23
647,1000,0.1562,1995-09-04,2003-09-02,1,127
648,1000000,0.0331,1994-10-10,1994-12-30,4,1
649,10000,0.0619,2018-06-15,2021-06-14,2,78
650,1000000,1.0,2010-08-25,2020-08-22,4,31
651,10000,0.0286,2005-03-23,2008-03-22,1,107
652,1000,0.0731,2016-01-01,2017-12-31,2,31
653,10000,0.0769,2002-01-24,2008-01-23,2,74
654,1000000,0.0137,2018-05-21,2018-05-22,8,130
655,1000000,1.0,2001-01-19,2011-01-17,2,131
656,1000,0.0166,2013-10-08,2013-11-04,12,121
657,1000,0.0602,2005-02-25,2010-02-24,12,128
658,1000000,0.0171,1993-08-13,1993-08-22,1,40
659,1000,0.2422,2004-01-24,2012-01-22,4,60
660,10000,0.0738,1997-05-11,2000-05-10,12,50
661,1000,0.5312,2020-08-20,2030-08-18,4,26
662,10000,0.0152,1999-11-20,1999-11-23,8,104
663,10000,0.0602,2018-05-27,2023-05-26,1,66
664,100000,0.0284,2005-07-23,2005-08-19,2,1
665,1000000,0.0316,2010-05-13,2014-05-12,12,86
666,1000,0.0964,1992-03-09,1997-03-08,4,31
667,1000,0.0548,2019-02-06,2020-02-06,8,21
668,10000,0.4333,1991-02-20,2000-02-18,2,94
669,10000,0.0654,2001-04-18,2007-04-17,8,81
670,100000,0.0731,1995-10-15,1997-10-14,4,99
671,100000,0.0171,2008-02-01,2008-02-10,1,130
672,10000,0.0199,2000-06-21,2000-06-22,12,28
673,1000,0.0548,1998-05-26,1999-05-26,2,47
674,1000,0.5333,1992-03-23,2001-03-21,8,4
675,100000,0.0885,2011-12-11,2018-12-09,1,90
676,10000,0.0462,2002-12-23,2008-12-21,1,80
677,10000,0.0313,2020-04-08,2020-05-05,12,92
678,1000,0.0107,2016-10-26,2016-10-29,8,8
679,1000,0.0313,2016-05-01,2016-05-28,8,122
680,100000,0.0964,2019-08-06,2024-08-04,8,16
681,10000,0.1562,1990-09-07,1998-09-05,8,104
682,1000000,0.8125,2018-12-05,2028-12-02,12,100
683,100000,0.0405,2019-03-01,2022-02-28,8,57
684,1000,0.1328,2007-08-12,2015-08-10,2,84
685,10000,0.0196,2007-03-28,2007-04-24,4,71
686,10000,0.5312,2006-09-06,2016-09-03,2,24
687,1000000,1.0,2015-01-19,2025-01-16,8,96
688,1000,0.0254,1992-09-04,1992-10-01,8,15
689,100000,0.1042,1995-09-09,2002-09-07,2,40
690,1000,0.0684,2009-12-20,2013-12-19,8,79
691,10000,0.0361,2010-02-05,2015-02-04,12,87
692,1000,0.0388,2010-03-19,2012-03-18,1,24
693,10000,0.375,1994-09-16,2004-09-13,2,88
694,10000,0.0244,2004-03-18,2004-03-21,2,92
695,100000,0.0205,2002-05-30,2003-05-30,12,51
696,10000,0.1042,2020-04-27,2027-04-26,8,68
697,1000000,1.0,1990-04-18,2000-04-15,8,96
698,10000,0.0265,2000-02-01,2000-02-10,2,50
699,10000,0.151,2016-11-18,2023-11-17,12,109
700,1000000,0.0605,2001-12-26,2005-12-25,1,133
701,1000000,0.0116,2010-06-15,2010-06-16,2,89
702,10000,0.0082,2009-05-21,2009-05-22,4,11
703,100000,0.0197,1993-02-21,1993-03-02,2,111
704,1000000,0.1562,2011-01-10,2019-01-08,8,73
705,1000,0.1042,2017-02-13,2024-02-12,12,74
706,10000,0.0197,1995-02-21,1995-03-02,12,112
707,100000,0.2031,2001-04-25,2009-04-23,4,53
708,1000000,0.9062,2009-09-06,2019-09-04,2,77
709,1000,0.0164,2019-11-06,2020-05-06,8,62
710,100000,0.5312,2004-01-20,2014-01-17,8,90
711,1000000,0.7188,1994-08-20,2004-08-17,2,75
712,10000,0.0178,1996-12-18,1996-12-19,12,100
713,10000,0.0129,2022-10-10,2022-10-13,4,27
714,1000,0.0192,2010-10-06,2011-04-06,12,82
715,10000,0.0116,2008-07-09,2008-07-10,2,26
716,1000,0.0342,2015-11-28,2016-11-27,8,12
717,10000,0.0684,2015-02-13,2019-02-12,1,58
718,1000000,0.0198,1990-05-25,1990-05-28,8,53
719,100000,0.0885,1996-11-06,2002-11-05,8,114
720,100000,0.3833,2004-07-19,2013-07-17,1,29
721,100000,0.0284,2019-03-24,2019-04-20,8,132
722,100000,0.0625,2006-03-25,2013-03-23,4,30
723,1000000,0.1667,1998-05-06,2005-05-04,12,2
724,100000,0.0457,2012-01-21,2014-01-20,8,128
725,1000000,0.0842,1999-08-26,2003-08-25,2,16
726,10000,0.069,2007-09-16,2010-09-15,2,123
727,10000,0.0107,2020-06-23,2020-06-26,4,41
728,10000,0.0244,2020-12-09,2020-12-12,12,131
729,1000000,0.0526,2021-08-17,2025-08-16,1,36
730,1000000,0.9688,2009-12-04,2019-12-02,12,13
731,10000,0.0445,2009-07-18,2010-07-18,12,64
732,10000,0.0425,2005-03-29,2005-09-27,8,126
733,1000,0.1198,1995-10-28,2002-10-26,8,29
734,100000,0.0274,2020-11-08,2022-11-08,2,88
735,1000000,0.0662,2011-04-06,2013-04-05,1,1
736,1000000,0.0244,2001-05-20,2001-05-23,8,131
737,100000,0.0548,2000-09-15,2003-09-15,4,43
738,100000,0.0194,2005-06-13,2005-09-02,4,84
739,1000,0.2266,2014-07-21,2022-07-19,1,124
740,100000,0.0594,2006-06-14,2008-06-13,1,6
741,100000,0.0602,2000-10-06,2005-10-05,4,40
742,1000000,0.0236,1993-02-07,1993-02-10,4,60
743,10000,0.0316,2019-10-13,2023-10-12,12,117
744,1000000,0.0731,1996-05-17,1998-05-17,12,99
745,100000,0.0117,2014-12-29,2015-01-25,8,97
746,10000,0.0342,2006-11-29,2007-11-29,12,73
747,100000,0.4333,1998-09-05,2007-09-03,4,78
748,1000,0.1667,1990-07-18,1997-07-16,4,85
749,1000,0.1198,1994-10-06,2001-10-04,2,55
750,100000,0.0938,2016-10-14,2024-10-12,8,80
751,1000,0.0286,1994-09-24,1997-09-23,2,11
752,1000000,0.0885,2012-12-23,2018-12-22,8,112
753,1000,0.0158,2017-05-22,2017-05-23,8,29
754,100000,0.0146,1995-10-09,1995-10-18,12,89
755,1000,0.0228,2006-09-05,2006-11-25,12,104
756,10000,0.0783,2013-03-13,2018-03-12,2,100
757,10000,0.0107,1991-04-02,1991-04-05,1,38
758,100000,0.0103,2000-04-23,2000-05-02,4,37
759,10000,0.0117,1990-07-29,1990-08-25,4,117
760,100000,0.0425,2000-05-14,2000-11-12,1,46
761,1000,0.0107,2012-07-12,2012-07-15,1,61
762,10000,0.0171,2006-12-23,2007-01-01,1,73
763,100000,0.0594,2015-11-21,2017-11-20,1,58
764,10000,0.0405,2010-02-17,2013-02-16,12,24
765,100000,0.1797,1999-07-08,2007-07-06,8,18
766,1000,0.0731,2013-08-13,2015-08-13,12,96
767,1000,0.0223,2022-07-05,2022-07-14,8,100
768,1000000,0.0171,2010-05-05,2010-05-14,4,42
769,1000000,0.1328,2009-01-15,2017-01-13,2,27
770,1000000,0.0315,1996-04-17,1996-10-16,1,67
771,10000,0.5167,2000-03-13,2009-03-11,12,129
772,100000,0.0356,2010-11-07,2011-05-08,2,101
773,1000000,0.0388,2019-09-20,2021-09-19,12,26
774,10000,0.0762,2014-11-21,2017-11-20,2,21
775,100000,0.8125,2018-06-08,2028-06-05,12,15
776,10000,0.0297,2007-07-30,2007-10-19,1,3
777,1000000,0.0228,1993-11-29,1994-02-18,12,71
778,1000,0.0303,2020-12-04,2020-12-31,12,25
779,10000,0.0526,2019-09-11,2023-09-10,8,73
780,1000000,0.0525,2014-10-30,2016-10-29,4,33
781,10000,0.0192,1990-05-06,1990-11-04,12,76
782,1000000,0.0225,1991-12-23,1992-01-19,12,116
783,1000000,0.0783,1995-01-11,2000-01-10,1,64
784,10000,0.0331,1998-06-13,1998-09-02,12,123
785,10000,0.2031,2003-05-23,2011-05-21,8,3
786,1000,0.1667,2001-10-24,2008-10-22,8,4
787,1000,0.0225,2007-07-16,2007-08-12,12,72
788,1000,0.0196,1995-03-08,1995-04-04,1,42
789,1000000,0.016,1995-09-04,1995-11-24,8,76
790,1000,0.0525,1991-07-28,1993-07-27,8,116
791,1000,0.0297,2010-04-26,2010-07-16,12,120
792,10000,0.4375,2022-03-13,2032-03-10,1,38
793,1000000,0.0315,2018-11-28,2019-05-29,1,75
794,1000000,0.0462,1994-02-24,2000-02-23,2,97
795,1000,0.0164,2014-09-14,2015-03-15,1,37
796,1000,0.0729,2001-12-31,2008-12-29,1,19
797,10000,0.3833,2007-05-19,2016-05-16,2,116
798,1000000,0.0531,1995-05-21,1996-05-20,12,60
799,1000000,0.1667,2003-06-08,2010-06-06,4,65
800,100000,0.2833,1999-09-28,2008-09-25,12,45
801,1000,0.0152,2001-11-15,2001-11-18,8,127
802,1000000,0.0885,1997-03-18,2003-03-17,1,95
803,100000,0.0166,2008-01-17,2008-02-13,2,121
804,100000,0.0934,2006-10-16,2011-10-15,8,129
805,1000,0.0137,1992-11-09,1993-01-29,1,108
806,100000,0.0605,2009-04-10,2013-04-09,12,133
807,10000,0.0316,2000-11-16,2004-11-15,8,34
808,100000,0.0244,1998-10-09,1998-10-12,8,131
809,1000,0.4375,2007-12-18,2017-12-15,4,76
810,1000,0.0315,2023-09-17,2024-03-17,2,93
811,100000,0.0964,1990-05-30,1995-05-29,8,65
812,10000,0.0158,1991-02-21,1991-02-22,12,116
813,1000000,0.1797,2022-12-01,2030-11-29,2,93
814,10000,0.0194,2000-03-20,2000-06-09,8,57
815,10000,0.0265,2023-09-04,2023-09-13,2,25
816,10000,0.0297,2017-11-08,2018-01-28,4,32
817,1000,0.0082,2014-05-25,2014-05-26,1,49
818,10000,0.0605,1991-11-05,1995-11-04,12,10
819,1000,0.0263,2003-11-23,2004-02-12,8,112
820,1000,0.0274,2005-01-25,2005-02-03,2,56
821,1000,0.375,2016-02-15,2026-02-12,2,54
822,10000,0.0816,1990-09-12,1994-09-11,8,103
823,1000000,0.3833,2021-09-15,2030-09-13,8,55
824,1000000,0.0284,2021-08-09,2021-09-05,8,113
825,10000,1.0,2010-08-17,2020-08-14,1,31
826,100000,0.0117,2002-05-09,2002-06-05,1,30
827,100000,0.0885,2016-10-09,2022-10-08,4,43
828,1000000,0.0731,1990-03-14,1992-03-13,4,16
829,1000000,0.0263,2008-05-27,2008-08-16,2,10
830,1000,0.0783,2023-06-01,2028-05-30,2,79
831,100000,0.0225,2000-11-02,2000-11-29,2,29
832,1000,0.0244,2002-01-20,2002-01-23,1,59
833,10000,0.0175,2020-07-26,2020-07-29,8,29
834,10000,0.9688,2000-04-24,2010-04-22,4,46
835,100000,0.7188,2002-12-09,2012-12-06,12,23
836,1000000,0.0225,2003-03-31,2003-04-27,1,67
837,10000,0.1562,1999-07-04,2007-07-02,4,130
838,1000,0.0354,2001-12-02,2002-02-21,4,134
839,1000000,0.0284,2005-01-24,2005-02-20,4,28
840,1000,0.0525,1992-07-28,1994-07-28,8,116
841,1000,0.0331,1995-06-15,1995-09-04,12,124
842,100000,1.0,2001-08-12,2011-08-10,1,4
843,1000000,0.0457,2003-06-06,2005-06-05,1,115
844,1000000,0.024,1993-04-15,1994-04-15,2,38
845,1000,0.0445,2018-11-09,2019-11-09,2,6
846,10000,0.0816,1999-10-02,2003-10-01,1,13
847,1000,0.5167,1995-03-08,2004-03-05,12,60
848,1000000,0.0225,2011-12-06,2012-01-02,1,63
849,1000000,0.1328,1990-10-04,1998-10-02,8,57
850,1000,0.0225,2016-11-09,2016-12-06,1,106
851,100000,0.0445,2023-01-10,2024-01-10,12,94
852,1000000,0.0548,1998-10-25,2001-10-24,8,55
853,1000,0.0938,1996-02-09,2004-02-07,8,49
854,10000,0.0354,2008-04-24,2008-07-14,8,50
855,1000,0.0693,2006-10-28,2011-10-27,12,116
856,1000,0.1797,2010-08-07,2018-08-05,1,43
857,100000,0.3833,2002-07-08,2011-07-06,4,18
858,1000000,0.2422,2021-05-09,2029-05-07,1,134
859,100000,0.0438,2012-11-11,2013-05-12,4,59
860,100000,0.0228,1996-11-22,1997-02-11,1,74
861,10000,0.0223,2007-06-28,2007-07-07,8,64
862,10000,0.0447,2010-09-19,2014-09-18,8,121
863,10000,0.0164,2022-03-27,2022-09-25,12,107
864,1000,0.151,2021-03-11,2028-03-09,2,109
865,10000,0.3333,2020-03-03,2029-03-01,4,12
866,10000,0.1094,1998-02-28,2006-02-26,8,8
867,100000,0.0166,2013-08-24,2013-09-20,12,26
868,1000000,0.3333,2019-12-18,2028-12-15,4,12
869,1000,0.032,2004-11-17,2006-11-17,8,7
870,10000,0.4333,2001-03-29,2010-03-27,1,6
871,10000,0.0316,2014-04-27,2018-04-26,1,105
872,1000000,0.0762,2007-07-07,2010-07-06,2,59
873,10000,0.0265,1999-12-18,1999-12-27,12,17
874,1000,0.0964,1997-08-30,2002-08-29,4,92
875,100000,0.0394,1995-02-23,1996-02-23,8,48
876,100000,0.3833,2020-08-22,2029-08-20,2,72
877,1000,0.0197,1992-07-13,1992-07-22,4,72
878,10000,0.0196,2021-10-30,2021-11-26,2,104
879,100000,0.9688,2013-07-25,2023-07-23,4,50
880,1000000,0.0388,1996-01-16,1998-01-15,12,27
881,1000000,0.0164,2018-06-10,2018-12-09,2,51
882,10000,0.0885,2017-08-23,2024-08-21,8,90
883,1000000,0.0197,2021-10-29,2021-11-07,4,29
884,100000,0.0548,1994-04-26,1997-04-25,4,72
885,100000,0.0816,2019-11-01,2023-10-31,1,129
886,100000,0.0082,1991-08-10,1991-08-11,8,34
887,100000,0.0538,2003-12-22,2009-12-20,8,61
888,1000000,1.0,2011-02-02,2021-01-30,4,9
889,1000000,0.0525,2010-12-19,2012-12-18,1,72
890,1000000,0.0394,2001-11-21,2002-11-21,1,72
891,1000000,0.0885,2023-08-20,2030-08-18,12,39
892,100000,0.0333,2014-10-12,2017-10-11,12,35
893,100000,0.0274,2018-08-16,2020-08-15,1,97
894,1000,0.0762,1995-01-13,1998-01-12,1,122
895,1000000,0.1231,2008-05-12,2014-05-11,12,59
896,1000000,0.0082,2004-10-01,2004-10-02,8,110
897,1000,0.0762,2009-03-05,2012-03-04,1,59
898,1000000,0.0192,2019-01-28,2019-07-29,4,38
899,1000,0.9688,1998-05-18,2008-05-15,4,134
900,1000,0.0729,2023-06-03,2030-06-01,1,61
901,10000,0.0331,2016-05-25,2016-08-14,12,1
902,1000000,0.0885,2007-06-18,2013-06-16,2,114
903,100000,0.0103,1991-06-25,1991-07-04,12,110
904,1000000,0.0619,2010-02-09,2013-02-08,2,52
905,10000,0.0762,2008-09-26,2011-09-26,2,131
906,10000,0.0365,2023-08-20,2023-11-09,8,16
907,100000,0.1797,2020-08-15,2028-08-13,1,91
908,10000,0.0693,2009-11-27,2014-11-26,8,63
909,1000,0.0729,1992-02-19,1999-02-17,4,61
910,1000,0.1354,2008-10-20,2015-10-19,1,58
911,100000,0.0605,2020-03-31,2024-03-30,2,93
912,1000,0.0438,2017-10-14,2018-04-14,12,56
913,10000,0.1,2018-07-10,2024-07-08,2,20
914,100000,0.0842,2006-05-12,2010-05-11,4,122
915,1000000,0.0708,1990-07-25,1992-07-24,1,134
916,1000000,0.0178,2022-04-02,2022-04-03,4,58
917,1000,0.0394,1995-12-22,1996-12-21,8,83
918,10000,0.0198,2001-08-24,2001-08-27,12,20
919,1000000,0.0091,2013-08-17,2013-08-20,8,117
920,1000,0.0605,2008-11-28,2012-11-27,12,63
921,1000000,0.0286,1991-10-23,1994-10-22,8,117
922,1000000,0.0684,2011-08-29,2015-08-28,4,52
923,1000,0.3333,2003-02-14,2012-02-12,8,71
924,100000,0.0397,1997-01-06,1997-07-07,8,123
925,1000000,0.0654,1992-01-12,1998-01-10,4,89
926,10000,0.25,2021-05-25,2029-05-23,4,122
927,1000000,0.0199,2021-03-24,2021-03-25,2,77
928,100000,0.0693,2017-08-19,2022-08-18,2,55
929,100000,0.0219,2019-08-08,2019-08-09,12,47
930,1000,0.024,1998-05-27,1999-05-27,1,61
931,10000,0.0137,1992-05-03,1992-05-30,8,38
932,1000,0.0526,1999-01-08,2003-01-07,1,36
933,1000,0.0212,2014-03-16,2014-03-17,12,25
934,1000,0.0525,1993-10-03,1995-10-03,2,93
935,10000,0.1042,1996-08-14,2003-08-13,4,128
936,1000,0.0365,2017-05-17,2017-08-06,2,59
937,1000,0.2,2010-04-20,2019-04-18,1,30
938,10000,0.0254,2003-10-25,2003-11-21,8,58
939,1000000,0.0274,1991-02-28,1991-08-29,4,102
940,1000,0.0425,2015-03-20,2015-09-18,4,126
941,1000,0.0654,2014-07-11,2020-07-09,2,121
942,1000000,0.0158,2019-11-18,2019-11-19,1,10
943,100000,0.2333,2020-01-11,2029-01-08,1,8
944,1000000,0.0769,2015-05-27,2021-05-25,8,74
945,100000,0.0164,2020-09-09,2021-03-10,1,34
946,1000,0.2,2022-09-30,2031-09-28,8,80
947,10000,0.0082,1992-05-18,1992-05-19,1,51
948,1000000,0.0164,1996-12-23,1997-06-23,8,108
949,10000,0.0137,2021-02-28,2021-03-01,4,66
950,10000,0.0219,2017-09-11,2017-09-12,2,131
951,1000,0.0244,1997-07-14,1997-07-17,1,31
952,1000000,0.0605,1997-01-22,2001-01-21,4,111
953,100000,0.3833,2017-11-28,2026-11-26,1,43
954,10000,0.0525,1990-03-14,1992-03-13,1,72
955,1000000,0.375,2011-05-03,2021-04-30,12,49
956,1000000,0.5333,2003-04-16,2012-04-13,12,56
957,1000000,0.0476,1992-10-23,1995-10-23,1,68
958,10000,0.0605,2014-11-04,2018-11-03,4,29
959,10000,0.0356,2009-02-13,2009-08-14,8,53
960,1000,0.8125,1990-10-07,2000-10-04,12,58
961,1000,0.0964,2006-09-17,2011-09-16,2,4
962,100000,0.0197,2003-08-18,2003-08-27,4,75
963,10000,0.0244,2011-03-05,2011-03-08,1,4
964,1000,0.0594,2002-10-28,2004-10-27,1,64
965,100000,0.1231,2009-01-28,2015-01-27,12,96
966,1000000,0.0738,1997-11-08,2000-11-07,12,25
967,1000,0.0199,1991-05-31,1991-06-01,12,124
968,100000,0.0117,2012-03-12,2012-04-08,4,80
969,100000,0.5333,2021-03-17,2030-03-15,2,96
970,1000000,0.0107,2000-02-02,2000-02-05,1,35
971,10000,0.0297,1992-12-09,1993-02-28,12,3
972,1000000,0.1562,1993-10-02,2001-09-30,4,36
973,1000000,0.0129,2000-07-16,2000-07-19,12,90
974,1000,0.1231,2010-05-15,2016-05-13,2,9
975,1000,0.0263,2003-05-02,2003-07-22,2,112
976,1000000,0.0192,2022-10-17,2023-04-17,8,7
977,1000000,0.0445,1999-12-25,2000-12-24,4,3
978,1000000,0.0354,2015-09-24,2015-12-14,8,25
979,10000,0.5333,1996-07-13,2005-07-11,12,96
980,10000,0.0091,1999-05-31,1999-06-03,8,108
981,10000,0.7188,2003-05-15,2013-05-12,8,114
982,1000,0.4833,2006-04-07,2015-04-05,12,77
983,1000000,0.0236,1990-09-21,1990-09-24,12,17
984,10000,0.0199,2013-03-19,2013-03-20,2,14
985,10000,0.0274,2004-06-01,2004-11-30,1,102
986,1000,0.0175,2012-03-06,2012-03-09,8,55
987,1000,0.0228,2005-10-05,2005-12-25,1,104
988,10000,0.0361,2013-12-27,2018-12-26,1,30
989,1000000,0.0096,2010-11-12,2010-11-13,4,7
990,1000,0.0137,2002-03-09,2002-03-10,1,36
991,10000,0.625,2000-10-09,2010-10-07,12,73
992,1000,0.0462,1993-06-25,1999-06-24,12,108
993,1000000,0.1231,2002-02-10,2008-02-09,2,21
994,10000,0.0548,2016-10-29,2017-10-29,1,96
995,1000000,0.0605,1995-01-24,1999-01-23,4,93
996,1000,0.0531,2002-03-20,2003-03-20,8,46
997,1000,0.2266,2012-10-05,2020-10-03,8,124
998,1000000,0.0693,2016-08-14,2021-08-13,8,43
999,10000,0.0425,2016-10-13,2017-04-13,4,126
1000,1000,0.0762,2016-07-06,2019-07-06,2,2
